{
	"skin-name": "custom",
	"preview-bg": "#ffffff",
	"text": "#333333",
	"text-inverse": "#ffffff",
	"text-disabled": "#aaaaaa",
	"has-gradients": false,
	"has-radius": false,
	"has-boxshadow": false,
	"has-button-borders": false,
	"btn-text": "#3c3c3c",
	"btn-text-shadow": "transparent",
	"btn-bg": "#ffffff",
	"btn-bg-hlight": "#ffffff",
	"btn-border-top": "transparent",
	"btn-border-right": "transparent",
	"btn-border-bottom": "transparent",
	"btn-border-left": "transparent",
	"btn-split-border": "#bdbdbd",
	"btn-primary-text": "#ffffff",
	"btn-primary-text-shadow": "transparent",
	"btn-primary-bg": "#bf0053",
	"btn-primary-bg-hlight": "#bf0053",
	"btn-padding": "4px 8px",
	"menu-bg": "#ffffff",
	"menu-border": "rgba(60,60,60,1)",
	"menuitem-text": "#3c3c3c",
	"menuitem-bg-selected": "#bf0053",
	"menuitem-bg-selected-hlight": "#bf0053",
	"menuitem-separator-top": "#ffffff",
	"menuitem-separator-bottom": "#ffffff",
	"menuitem-text-inverse": "#ffffff",
	"menuitem-bg-active": "#bf0053",
	"menuitem-text-active": "#ffffff",
	"menuitem-preview-border-active": "#3c3c3c",
	"menubar-menubtn-text": "",
	"checkbox-border": "#3c3c3c",
	"checkbox-border-focus": "#bf0053",
	"panel-border": "#ffffff",
	"panel-bg": "#ffffff",
	"panel-bg-hlight": "#ffffff",
	"textbox-bg": "#ffffff",
	"textbox-border": "#3c3c3c",
	"textbox-border-focus": "#bf0053",
	"window-bg": "#ffffff",
	"window-border": "#ffffff",
	"tab-bg": "#ffffff",
	"tab-bg-hover": "#767676",
	"tab-bg-active": "#fdfdfd",
	"tab-border": "#3c3c3c",
	"tabs-bg": "#ffffff",
	"notification-bg": "#bf0053",
	"notification-border": "#bf0053",
	"notification-text": "#ffffff",
	"notification-success-bg": "#bf0053",
	"notification-success-border": "#bf0053",
	"notification-success-text": "#ffffff",
	"notification-info-bg": "#bf0053",
	"notification-info-border": "#bf0053",
	"notification-info-text": "#ffffff",
	"notification-warning-bg": "#bf0053",
	"notification-warning-border": "#bf0053",
	"notification-warning-text": "#ffffff",
	"notification-error-bg": "#bf0053",
	"notification-error-border": "#bf0053",
	"notification-error-text": "#ffffff",
	"progress-bar-bg": "#ffffff",
	"progress-bar-bg-hlight": "#cccccc",
	"progress-border": "#cccccc",
	"progress-text": "#ffffff",
	"progress-text-shadow": "#ffffff",
	"slider-bg": "#fffbfb",
	"slider-border": "#3c3c3c",
	"slider-handle-bg": "#3c3c3c",
	"slider-handle-border": "#3c3c3c",
	"colorbtn-backcolor-bg": "#bbbbbb",
	"grid-border": "#d6d6d6",
	"grid-border-active": "#a1a1a1"
}